{"cameraMode":{"drawMode":0,"name":"Shaded","section":"Shading Mode"},"sceneLighting":false,"audioPlay":false,"sceneViewState":{"m_AlwaysRefresh":false,"showFog":true,"showSkybox":false,"showFlares":true,"showImageEffects":true,"showParticleSystems":true,"showVisualEffectGraphs":true,"m_FxEnabled":true},"in2DMode":false,"pivot":{"x":-0.014918914064764977,"y":1.1568933725357056,"z":-0.7675701379776001},"rotation":{"x":0.14491979777812959,"y":-0.03027396835386753,"z":0.004436117131263018,"w":0.9889722466468811},"size":0.13361994922161103,"orthographic":false}