{"cameraMode":{"drawMode":0,"name":"Shaded","section":"Shading Mode"},"sceneLighting":false,"audioPlay":false,"sceneViewState":{"m_AlwaysRefresh":false,"showFog":true,"showSkybox":false,"showFlares":true,"showImageEffects":true,"showParticleSystems":true,"showVisualEffectGraphs":true,"m_FxEnabled":true},"in2DMode":false,"pivot":{"x":-0.023659301921725274,"y":1.1839314699172974,"z":-0.7599902153015137},"rotation":{"x":0.14491979777812959,"y":-0.03027396835386753,"z":0.004436117131263018,"w":0.9889722466468811},"size":0.18183830380439759,"orthographic":false}