{"cameraMode":{"drawMode":0,"name":"Shaded","section":"Shading Mode"},"sceneLighting":true,"audioPlay":false,"sceneViewState":{"m_AlwaysRefresh":false,"showFog":true,"showSkybox":true,"showFlares":true,"showImageEffects":true,"showParticleSystems":true,"showVisualEffectGraphs":true,"m_FxEnabled":true},"in2DMode":false,"pivot":{"x":0.09275949001312256,"y":-15.030805587768555,"z":22.055570602416993},"rotation":{"x":-0.31581076979637148,"y":0.000566836737561971,"z":-0.000188484278623946,"w":-0.9488246440887451},"size":18.37635612487793,"orthographic":false}