{"cameraMode":{"drawMode":0,"name":"Shaded","section":"Shading Mode"},"sceneLighting":true,"audioPlay":false,"sceneViewState":{"m_AlwaysRefresh":false,"showFog":true,"showSkybox":true,"showFlares":true,"showImageEffects":true,"showParticleSystems":true,"showVisualEffectGraphs":true,"m_FxEnabled":true},"in2DMode":false,"pivot":{"x":-0.9431892037391663,"y":-2.5846447944641115,"z":11.27418327331543},"rotation":{"x":0.2142873853445053,"y":0.018457969650626184,"z":-0.004049287177622318,"w":0.9765934944152832},"size":11.113465309143067,"orthographic":false}