{"cameraMode":{"drawMode":0,"name":"Shaded","section":"Shading Mode"},"sceneLighting":true,"audioPlay":false,"sceneViewState":{"m_AlwaysRefresh":false,"showFog":true,"showSkybox":true,"showFlares":true,"showImageEffects":true,"showParticleSystems":true,"showVisualEffectGraphs":true,"m_FxEnabled":true},"in2DMode":false,"pivot":{"x":0.28795480728149416,"y":3.316215991973877,"z":-0.3061039447784424},"rotation":{"x":0.2551475465297699,"y":-0.0020318960305303337,"z":0.0005368414567783475,"w":0.9669029712677002},"size":2.3992648124694826,"orthographic":false}