{"cameraMode":{"drawMode":0,"name":"Shaded","section":"Shading Mode"},"sceneLighting":true,"audioPlay":false,"sceneViewState":{"m_AlwaysRefresh":false,"showFog":true,"showSkybox":true,"showFlares":true,"showImageEffects":true,"showParticleSystems":true,"showVisualEffectGraphs":true,"m_FxEnabled":true},"in2DMode":false,"pivot":{"x":0.5089666843414307,"y":1.3249939680099488,"z":-0.3585517406463623},"rotation":{"x":0.21285885572433473,"y":-0.0020535162184387447,"z":0.00044732881360687315,"w":0.9770821332931519},"size":1.3124587535858155,"orthographic":false}