{"cameraMode":{"drawMode":0,"name":"Shaded","section":"Shading Mode"},"sceneLighting":true,"audioPlay":false,"sceneViewState":{"m_AlwaysRefresh":false,"showFog":true,"showSkybox":true,"showFlares":true,"showImageEffects":true,"showParticleSystems":true,"showVisualEffectGraphs":true,"m_FxEnabled":true},"in2DMode":false,"pivot":{"x":-0.3313601016998291,"y":2.419877290725708,"z":-0.9117746353149414},"rotation":{"x":0.25873690843582156,"y":0.07380729913711548,"z":-0.019832080230116845,"w":0.962920069694519},"size":3.628115177154541,"orthographic":false}