{"cameraMode":{"drawMode":0,"name":"Shaded","section":"Shading Mode"},"sceneLighting":true,"audioPlay":false,"sceneViewState":{"m_AlwaysRefresh":false,"showFog":true,"showSkybox":true,"showFlares":true,"showImageEffects":true,"showParticleSystems":true,"showVisualEffectGraphs":true,"m_FxEnabled":true},"in2DMode":false,"pivot":{"x":2.2151529788970949,"y":0.15858697891235352,"z":12.740785598754883},"rotation":{"x":0.2433221936225891,"y":-0.03985347971320152,"z":0.010007468052208424,"w":0.9690808653831482},"size":2.9450364112854006,"orthographic":false}