{"cameraMode":{"drawMode":0,"name":"Shaded","section":"Shading Mode"},"sceneLighting":false,"audioPlay":false,"sceneViewState":{"m_AlwaysRefresh":false,"showFog":true,"showSkybox":false,"showFlares":true,"showImageEffects":true,"showParticleSystems":true,"showVisualEffectGraphs":true,"m_FxEnabled":true},"in2DMode":false,"pivot":{"x":0.3032342195510864,"y":1.0981214046478272,"z":-2.0313689708709719},"rotation":{"x":0.13148772716522218,"y":0.04399767518043518,"z":-0.005841865204274654,"w":0.9903261065483093},"size":1.129501461982727,"orthographic":false}