{"cameraMode":{"drawMode":0,"name":"Shaded","section":"Shading Mode"},"sceneLighting":false,"audioPlay":false,"sceneViewState":{"m_AlwaysRefresh":false,"showFog":true,"showSkybox":false,"showFlares":true,"showImageEffects":true,"showParticleSystems":true,"showVisualEffectGraphs":true,"m_FxEnabled":true},"in2DMode":false,"pivot":{"x":-0.052019357681274417,"y":1.2055964469909669,"z":-2.1308982372283937},"rotation":{"x":0.06408920884132385,"y":-0.6859396696090698,"z":0.0608643963932991,"w":0.7222746014595032},"size":0.8660253882408142,"orthographic":false}