{"cameraMode":{"drawMode":0,"name":"Shaded","section":"Shading Mode"},"sceneLighting":false,"audioPlay":false,"sceneViewState":{"m_AlwaysRefresh":false,"showFog":true,"showSkybox":false,"showFlares":true,"showImageEffects":true,"showParticleSystems":true,"showVisualEffectGraphs":true,"m_FxEnabled":true},"in2DMode":false,"pivot":{"x":0.16927501559257508,"y":0.6822442412376404,"z":1.6942626237869263},"rotation":{"x":0.25224053859710696,"y":0.006675336509943008,"z":-0.0017394886817783118,"w":0.9676439762115479},"size":1.296281099319458,"orthographic":false}