{"cameraMode":{"drawMode":0,"name":"Shaded","section":"Shading Mode"},"sceneLighting":false,"audioPlay":false,"sceneViewState":{"m_AlwaysRefresh":false,"showFog":true,"showSkybox":false,"showFlares":true,"showImageEffects":true,"showParticleSystems":true,"showVisualEffectGraphs":true,"m_FxEnabled":true},"in2DMode":false,"pivot":{"x":-0.5127472877502441,"y":1.0798320770263672,"z":1.3067361116409302},"rotation":{"x":-0.017563726752996446,"y":-0.7246711850166321,"z":-0.01848314329981804,"w":0.6886247396469116},"size":1.9788028001785279,"orthographic":false}