{"cameraMode":{"drawMode":0,"name":"Shaded","section":"Shading Mode"},"sceneLighting":false,"audioPlay":false,"sceneViewState":{"m_AlwaysRefresh":false,"showFog":true,"showSkybox":false,"showFlares":true,"showImageEffects":true,"showParticleSystems":true,"showVisualEffectGraphs":true,"m_FxEnabled":true},"in2DMode":false,"pivot":{"x":-2.380000114440918,"y":1.052474021911621,"z":11.505000114440918},"rotation":{"x":0.23029246926307679,"y":-0.03123253397643566,"z":0.00739531172439456,"w":0.9725923538208008},"size":2.4672226905822756,"orthographic":false}