{"cameraMode":{"drawMode":0,"name":"Shaded","section":"Shading Mode"},"sceneLighting":false,"audioPlay":false,"sceneViewState":{"m_AlwaysRefresh":false,"showFog":true,"showSkybox":false,"showFlares":true,"showImageEffects":true,"showParticleSystems":true,"showVisualEffectGraphs":true,"m_FxEnabled":true},"in2DMode":false,"pivot":{"x":-2.261793375015259,"y":0.7070457935333252,"z":14.71357250213623},"rotation":{"x":0.1018226146697998,"y":-0.003583259880542755,"z":0.00036676335730589926,"w":0.9947963953018189},"size":4.538029670715332,"orthographic":false}